{
    "model": "DeepLabV3",
    "best_val_dice": 0.9721397161483765,
    "best_val_loss": 0.06858083605766296,
    "best_epoch": 6,
    "train_losses": [
        0.2703476771712303,
        0.1917542964220047,
        0.14535656571388245,
        0.12118881195783615,
        0.10701142251491547,
        0.0975891500711441,
        0.08965008705854416,
        0.08205372840166092
    ],
    "val_losses": [
        0.3662211298942566,
        0.24848544597625732,
        0.12127286195755005,
        0.09224748611450195,
        0.08062472939491272,
        0.06858083605766296,
        0.07104003429412842,
        0.07787740230560303
    ],
    "val_dices": [
        0.6993348598480225,
        0.875685304403305,
        0.9348499476909637,
        0.9473690390586853,
        0.9557892680168152,
        0.9688951671123505,
        0.9721397161483765,
        0.9690430164337158
    ]
}