{
    "model": "U-Net",
    "best_val_dice": 0.9842187762260437,
    "best_val_loss": 0.15293088555335999,
    "best_epoch": 8,
    "train_losses": [
        0.28664563596248627,
        0.25407779961824417,
        0.22944407165050507,
        0.20958249270915985,
        0.19204821437597275,
        0.17830494046211243,
        0.16677484661340714,
        0.1579389125108719
    ],
    "val_losses": [
        0.41602441668510437,
        0.3093743622303009,
        0.24140572547912598,
        0.19477811455726624,
        0.17470186948776245,
        0.16514992713928223,
        0.15825098752975464,
        0.15293088555335999
    ],
    "val_dices": [
        0.5877681970596313,
        0.8016400635242462,
        0.9062651097774506,
        0.9573348462581635,
        0.971336305141449,
        0.9802817106246948,
        0.9820927977561951,
        0.9842187762260437
    ]
}