{
    "model": "U-Net++",
    "best_val_dice": 0.9896608293056488,
    "best_val_loss": 0.13381627202033997,
    "best_epoch": 8,
    "train_losses": [
        0.2401740849018097,
        0.21003206074237823,
        0.18894723802804947,
        0.17270585894584656,
        0.15930260717868805,
        0.14795954525470734,
        0.1383919045329094,
        0.13027115166187286
    ],
    "val_losses": [
        0.30255141854286194,
        0.22724094986915588,
        0.18262329697608948,
        0.16166982054710388,
        0.15233364701271057,
        0.14662230014801025,
        0.14109274744987488,
        0.13381627202033997
    ],
    "val_dices": [
        0.8869520127773285,
        0.9591730237007141,
        0.9732729196548462,
        0.9796370267868042,
        0.9858491122722626,
        0.988769918680191,
        0.9896608293056488,
        0.9891023635864258
    ]
}