{
    "model": "U-Net (ResNet-18)",
    "best_val_dice": 0.9791555404663086,
    "best_val_loss": 0.16601592302322388,
    "best_epoch": 8,
    "train_losses": [
        0.3863556385040283,
        0.3147016391158104,
        0.27083952724933624,
        0.24352555721998215,
        0.22065379470586777,
        0.20224502682685852,
        0.18749012053012848,
        0.17378106713294983
    ],
    "val_losses": [
        0.6669960618019104,
        0.4117852747440338,
        0.258294016122818,
        0.23729440569877625,
        0.2223077118396759,
        0.19912195205688477,
        0.1818370223045349,
        0.16601592302322388
    ],
    "val_dices": [
        0.20832955092191696,
        0.6766211688518524,
        0.9156523048877716,
        0.9383608400821686,
        0.9467599391937256,
        0.9615838527679443,
        0.9715602099895477,
        0.9791555404663086
    ]
}